<?xml version="1.0" encoding="UTF-8"?>
<project-private xmlns="http://www.netbeans.org/ns/project-private/1">
    <editor-bookmarks xmlns="http://www.netbeans.org/ns/editor-bookmarks/2" lastBookmarkId="0"/>
    <open-files xmlns="http://www.netbeans.org/ns/projectui-open-files/2">
        <group>
            <file>file:/C:/Users/usr/Documents/NetBeansProjects/musicales/src/model/GeneroMusical.java</file>
            <file>file:/C:/Users/usr/Documents/NetBeansProjects/musicales/src/model/Evento.java</file>
            <file>file:/C:/Users/usr/Documents/NetBeansProjects/musicales/src/service/GestorEventos.java</file>
            <file>file:/C:/Users/usr/Documents/NetBeansProjects/musicales/src/service/CSVSerializable.java</file>
            <file>file:/C:/Users/usr/Documents/NetBeansProjects/musicales/src/config/AppConstants.java</file>
            <file>file:/C:/Users/usr/Documents/NetBeansProjects/musicales/src/musicales/Test.java</file>
            <file>file:/C:/Users/usr/Documents/NetBeansProjects/musicales/src/service/Inventariable.java</file>
            <file>file:/C:/Users/usr/Documents/NetBeansProjects/musicales/src/model/EventoMusical.java</file>
        </group>
    </open-files>
</project-private>
